{"cameraMode":{"drawMode":0,"name":"Shaded","section":"Shading Mode"},"sceneLighting":true,"audioPlay":false,"sceneViewState":{"m_AlwaysRefresh":true,"showFog":true,"showSkybox":true,"showFlares":true,"showImageEffects":true,"showParticleSystems":true,"showVisualEffectGraphs":true,"m_FxEnabled":true},"in2DMode":false,"pivot":{"x":-0.3509092628955841,"y":2.667854070663452,"z":17.613624572753908},"rotation":{"x":0.028807485476136209,"y":-0.0015083684120327235,"z":0.000015614894437021576,"w":0.9996340870857239},"size":12.222854614257813,"orthographic":false}